time,chest_hr
2020-12-25T21:17:03Z,60
2020-12-25T21:17:05Z,59
2020-12-25T21:17:06Z,59
2020-12-25T21:17:07Z,59
2020-12-25T21:17:09Z,59
2020-12-25T21:17:10Z,60
2020-12-25T21:17:12Z,60
2020-12-25T21:17:14Z,62
2020-12-25T21:17:15Z,62
2020-12-25T21:17:17Z,64
2020-12-25T21:17:18Z,64
2020-12-25T21:17:20Z,66
2020-12-25T21:17:21Z,67
2020-12-25T21:17:23Z,69
2020-12-25T21:17:25Z,70
2020-12-25T21:17:26Z,71
2020-12-25T21:17:27Z,71
2020-12-25T21:17:29Z,72
2020-12-25T21:17:30Z,73
2020-12-25T21:17:32Z,75
2020-12-25T21:17:33Z,77
2020-12-25T21:17:34Z,77
2020-12-25T21:17:36Z,79
2020-12-25T21:17:38Z,80
2020-12-25T21:17:40Z,80
2020-12-25T21:17:42Z,81
2020-12-25T21:17:43Z,81
2020-12-25T21:17:44Z,81
2020-12-25T21:17:45Z,81
2020-12-25T21:17:46Z,81
2020-12-25T21:17:48Z,81
2020-12-25T21:17:49Z,82
2020-12-25T21:17:51Z,82
2020-12-25T21:17:52Z,83
2020-12-25T21:17:53Z,83
2020-12-25T21:17:55Z,84
2020-12-25T21:17:56Z,85
2020-12-25T21:17:58Z,86
2020-12-25T21:18:00Z,86
2020-12-25T21:18:01Z,86
2020-12-25T21:18:02Z,85
2020-12-25T21:18:04Z,86
2020-12-25T21:18:06Z,87
2020-12-25T21:18:07Z,87
2020-12-25T21:18:08Z,88
2020-12-25T21:18:09Z,88
2020-12-25T21:18:11Z,87
2020-12-25T21:18:12Z,87
2020-12-25T21:18:13Z,87
2020-12-25T21:18:14Z,87
2020-12-25T21:18:16Z,88
2020-12-25T21:18:17Z,89
2020-12-25T21:18:18Z,89
2020-12-25T21:18:20Z,91
2020-12-25T21:18:21Z,92
2020-12-25T21:18:22Z,93
2020-12-25T21:18:23Z,94
2020-12-25T21:18:24Z,95
2020-12-25T21:18:26Z,96
2020-12-25T21:18:27Z,97
2020-12-25T21:18:28Z,98
2020-12-25T21:18:30Z,100
2020-12-25T21:18:31Z,102
2020-12-25T21:18:32Z,103
2020-12-25T21:18:33Z,104
2020-12-25T21:18:34Z,104
2020-12-25T21:18:36Z,105
2020-12-25T21:18:37Z,106
2020-12-25T21:18:38Z,107
2020-12-25T21:18:39Z,107
2020-12-25T21:18:41Z,109
2020-12-25T21:18:42Z,110
2020-12-25T21:18:43Z,111
2020-12-25T21:18:44Z,111
2020-12-25T21:18:46Z,113
2020-12-25T21:18:47Z,114
2020-12-25T21:18:48Z,114
2020-12-25T21:18:49Z,114
2020-12-25T21:18:50Z,114
2020-12-25T21:18:52Z,114
2020-12-25T21:18:53Z,114
2020-12-25T21:18:55Z,114
2020-12-25T21:18:56Z,115
2020-12-25T21:18:58Z,116
2020-12-25T21:18:59Z,116
2020-12-25T21:19:00Z,117
2020-12-25T21:19:01Z,117
2020-12-25T21:19:02Z,117
2020-12-25T21:19:03Z,118
2020-12-25T21:19:05Z,119
2020-12-25T21:19:06Z,119
2020-12-25T21:19:07Z,119
2020-12-25T21:19:09Z,121
2020-12-25T21:19:10Z,121
2020-12-25T21:19:11Z,121
2020-12-25T21:19:13Z,121
2020-12-25T21:19:14Z,121
2020-12-25T21:19:15Z,121
2020-12-25T21:19:16Z,121
2020-12-25T21:19:18Z,121
2020-12-25T21:19:19Z,121
2020-12-25T21:19:20Z,123
2020-12-25T21:19:21Z,123
2020-12-25T21:19:23Z,123
2020-12-25T21:19:24Z,123
2020-12-25T21:19:25Z,123
2020-12-25T21:19:26Z,124
2020-12-25T21:19:27Z,126
2020-12-25T21:19:28Z,130
2020-12-25T21:19:29Z,132
2020-12-25T21:19:30Z,135
2020-12-25T21:19:32Z,138
2020-12-25T21:19:33Z,140
2020-12-25T21:19:35Z,142
2020-12-25T21:19:36Z,143
2020-12-25T21:19:37Z,145
2020-12-25T21:19:38Z,146
2020-12-25T21:19:40Z,146
2020-12-25T21:19:41Z,147
2020-12-25T21:19:43Z,146
2020-12-25T21:19:44Z,146
2020-12-25T21:19:45Z,146
2020-12-25T21:19:46Z,146
2020-12-25T21:19:48Z,148
2020-12-25T21:19:49Z,148
2020-12-25T21:19:51Z,150
2020-12-25T21:19:52Z,149
2020-12-25T21:19:53Z,149
2020-12-25T21:19:55Z,149
2020-12-25T21:19:56Z,149
2020-12-25T21:19:57Z,149
2020-12-25T21:19:59Z,150
2020-12-25T21:20:00Z,150
2020-12-25T21:20:01Z,152
2020-12-25T21:20:03Z,152
2020-12-25T21:20:04Z,151
2020-12-25T21:20:05Z,151
2020-12-25T21:20:06Z,151
2020-12-25T21:20:07Z,152
2020-12-25T21:20:09Z,153
2020-12-25T21:20:10Z,154
2020-12-25T21:20:11Z,153
2020-12-25T21:20:13Z,154
2020-12-25T21:20:14Z,154
2020-12-25T21:20:15Z,154
2020-12-25T21:20:16Z,154
2020-12-25T21:20:18Z,154
2020-12-25T21:20:19Z,154
2020-12-25T21:20:20Z,153
2020-12-25T21:20:22Z,152
2020-12-25T21:20:23Z,152
2020-12-25T21:20:24Z,153
2020-12-25T21:20:25Z,153
2020-12-25T21:20:27Z,153
2020-12-25T21:20:28Z,155
2020-12-25T21:20:30Z,155
2020-12-25T21:20:31Z,155
2020-12-25T21:20:32Z,155
2020-12-25T21:20:34Z,155
2020-12-25T21:20:35Z,155
2020-12-25T21:20:37Z,155
2020-12-25T21:20:38Z,156
2020-12-25T21:20:39Z,157
2020-12-25T21:20:40Z,157
2020-12-25T21:20:41Z,157
2020-12-25T21:20:42Z,157
2020-12-25T21:20:44Z,157
2020-12-25T21:20:45Z,157
2020-12-25T21:20:47Z,157
2020-12-25T21:20:48Z,157
2020-12-25T21:20:50Z,158
2020-12-25T21:20:51Z,156
2020-12-25T21:20:52Z,156
2020-12-25T21:20:53Z,156
2020-12-25T21:20:54Z,156
2020-12-25T21:20:55Z,156
2020-12-25T21:20:56Z,156
2020-12-25T21:20:58Z,155
2020-12-25T21:20:59Z,155
2020-12-25T21:21:01Z,155
2020-12-25T21:21:02Z,154
2020-12-25T21:21:04Z,153
2020-12-25T21:21:06Z,153
2020-12-25T21:21:08Z,151
2020-12-25T21:21:09Z,151
2020-12-25T21:21:11Z,151
2020-12-25T21:21:13Z,151
2020-12-25T21:21:14Z,151
2020-12-25T21:21:16Z,146
2020-12-25T21:21:17Z,143
2020-12-25T21:21:19Z,143
2020-12-25T21:21:21Z,143
2020-12-25T21:21:23Z,142
2020-12-25T21:21:25Z,142
2020-12-25T21:21:26Z,142
2020-12-25T21:21:27Z,142
2020-12-25T21:21:29Z,142
2020-12-25T21:21:31Z,142
2020-12-25T21:21:33Z,141
2020-12-25T21:21:35Z,141
2020-12-25T21:21:37Z,141
2020-12-25T21:21:38Z,141
2020-12-25T21:21:39Z,141
2020-12-25T21:21:41Z,137
2020-12-25T21:21:42Z,135
2020-12-25T21:21:43Z,132
2020-12-25T21:21:45Z,128
2020-12-25T21:21:46Z,127
2020-12-25T21:21:47Z,124
2020-12-25T21:21:48Z,121
2020-12-25T21:21:50Z,120
2020-12-25T21:21:51Z,120
2020-12-25T21:21:52Z,119
2020-12-25T21:21:53Z,119
2020-12-25T21:21:55Z,118
2020-12-25T21:21:57Z,118
2020-12-25T21:21:59Z,114
2020-12-25T21:22:01Z,111
2020-12-25T21:22:02Z,110
2020-12-25T21:22:04Z,107
2020-12-25T21:22:06Z,106
2020-12-25T21:22:07Z,104
2020-12-25T21:22:08Z,104
2020-12-25T21:22:09Z,102
2020-12-25T21:22:11Z,100
2020-12-25T21:22:13Z,98
2020-12-25T21:22:15Z,96
2020-12-25T21:22:16Z,96
2020-12-25T21:22:17Z,94
2020-12-25T21:22:19Z,87
2020-12-25T21:22:21Z,84
2020-12-25T21:22:23Z,84
2020-12-25T21:22:25Z,82
2020-12-25T21:22:26Z,82
2020-12-25T21:22:27Z,82
2020-12-25T21:22:28Z,81
2020-12-25T21:22:29Z,81
2020-12-25T21:22:30Z,81
2020-12-25T21:22:32Z,81
2020-12-25T21:22:33Z,81
2020-12-25T21:22:34Z,81
2020-12-25T21:22:36Z,81
2020-12-25T21:22:37Z,83
2020-12-25T21:22:38Z,85
2020-12-25T21:22:39Z,85
2020-12-25T21:22:41Z,85
2020-12-25T21:22:42Z,88
2020-12-25T21:22:43Z,88
2020-12-25T21:22:45Z,90
2020-12-25T21:22:46Z,90
2020-12-25T21:22:47Z,90
2020-12-25T21:22:49Z,91
2020-12-25T21:22:50Z,91
2020-12-25T21:22:51Z,91
2020-12-25T21:22:53Z,91
2020-12-25T21:22:54Z,91
2020-12-25T21:22:55Z,91
2020-12-25T21:22:56Z,91
2020-12-25T21:22:58Z,91
2020-12-25T21:22:59Z,91
2020-12-25T21:23:01Z,91
2020-12-25T21:23:02Z,91
2020-12-25T21:23:03Z,91
2020-12-25T21:23:04Z,92
2020-12-25T21:23:06Z,92
2020-12-25T21:23:07Z,92
2020-12-25T21:23:08Z,92
2020-12-25T21:23:10Z,93
2020-12-25T21:23:11Z,93
2020-12-25T21:23:12Z,93
2020-12-25T21:23:13Z,93
2020-12-25T21:23:15Z,93
2020-12-25T21:23:16Z,93
2020-12-25T21:23:17Z,93
2020-12-25T21:23:18Z,93
2020-12-25T21:23:19Z,93
2020-12-25T21:23:21Z,95
2020-12-25T21:23:22Z,95
2020-12-25T21:23:23Z,95
2020-12-25T21:23:24Z,96
2020-12-25T21:23:26Z,96
2020-12-25T21:23:27Z,96
2020-12-25T21:23:28Z,97
2020-12-25T21:23:29Z,99
2020-12-25T21:23:30Z,99
2020-12-25T21:23:31Z,99
2020-12-25T21:23:33Z,101
2020-12-25T21:23:34Z,102
2020-12-25T21:23:35Z,103
2020-12-25T21:23:36Z,105
2020-12-25T21:23:38Z,107
2020-12-25T21:23:39Z,108
2020-12-25T21:23:41Z,110
2020-12-25T21:23:42Z,111
2020-12-25T21:23:43Z,112
2020-12-25T21:23:44Z,112
2020-12-25T21:23:46Z,113
2020-12-25T21:23:47Z,113
2020-12-25T21:23:48Z,114
2020-12-25T21:23:49Z,114
2020-12-25T21:23:51Z,116
2020-12-25T21:23:52Z,117
2020-12-25T21:23:54Z,118
2020-12-25T21:23:55Z,118
2020-12-25T21:23:56Z,118
2020-12-25T21:23:57Z,118
2020-12-25T21:23:59Z,121
2020-12-25T21:24:00Z,124
2020-12-25T21:24:01Z,125
2020-12-25T21:24:02Z,127
2020-12-25T21:24:04Z,128
2020-12-25T21:24:05Z,129
2020-12-25T21:24:06Z,130
2020-12-25T21:24:07Z,130
2020-12-25T21:24:09Z,130
2020-12-25T21:24:10Z,131
2020-12-25T21:24:11Z,131
2020-12-25T21:24:12Z,131
2020-12-25T21:24:14Z,132
2020-12-25T21:24:15Z,132
2020-12-25T21:24:16Z,133
2020-12-25T21:24:17Z,133
2020-12-25T21:24:18Z,133
2020-12-25T21:24:20Z,133
2020-12-25T21:24:21Z,133
2020-12-25T21:24:22Z,133
2020-12-25T21:24:23Z,133
2020-12-25T21:24:24Z,133
2020-12-25T21:24:25Z,133
2020-12-25T21:24:26Z,133
2020-12-25T21:24:28Z,132
2020-12-25T21:24:29Z,133
2020-12-25T21:24:30Z,133
2020-12-25T21:24:32Z,132
2020-12-25T21:24:33Z,132
2020-12-25T21:24:34Z,132
2020-12-25T21:24:36Z,132
2020-12-25T21:24:37Z,132
2020-12-25T21:24:38Z,132
2020-12-25T21:24:39Z,132
2020-12-25T21:24:41Z,132
2020-12-25T21:24:42Z,132
2020-12-25T21:24:43Z,132
2020-12-25T21:24:44Z,132
2020-12-25T21:24:46Z,132
2020-12-25T21:24:47Z,132
2020-12-25T21:24:48Z,132
2020-12-25T21:24:49Z,133
2020-12-25T21:24:51Z,133
2020-12-25T21:24:52Z,133
2020-12-25T21:24:53Z,133
2020-12-25T21:24:54Z,133
2020-12-25T21:24:56Z,133
2020-12-25T21:24:57Z,133
2020-12-25T21:24:59Z,133
2020-12-25T21:25:00Z,133
2020-12-25T21:25:01Z,133
2020-12-25T21:25:03Z,133
2020-12-25T21:25:04Z,133
2020-12-25T21:25:05Z,133
2020-12-25T21:25:06Z,133
2020-12-25T21:25:08Z,132
2020-12-25T21:25:10Z,132
2020-12-25T21:25:11Z,132
2020-12-25T21:25:12Z,133
2020-12-25T21:25:14Z,133
2020-12-25T21:25:15Z,133
2020-12-25T21:25:16Z,133
2020-12-25T21:25:17Z,133
2020-12-25T21:25:19Z,133
2020-12-25T21:25:20Z,133
2020-12-25T21:25:21Z,133
2020-12-25T21:25:22Z,133
2020-12-25T21:25:24Z,133
2020-12-25T21:25:25Z,133
2020-12-25T21:25:27Z,133
2020-12-25T21:25:28Z,133
2020-12-25T21:25:29Z,133
2020-12-25T21:25:30Z,133
2020-12-25T21:25:32Z,133
2020-12-25T21:25:33Z,133
2020-12-25T21:25:34Z,133
2020-12-25T21:25:35Z,133
2020-12-25T21:25:36Z,133
2020-12-25T21:25:38Z,134
2020-12-25T21:25:39Z,134
2020-12-25T21:25:41Z,134
2020-12-25T21:25:42Z,134
2020-12-25T21:25:43Z,134
2020-12-25T21:25:44Z,135
2020-12-25T21:25:46Z,135
2020-12-25T21:25:47Z,135
2020-12-25T21:25:48Z,134
2020-12-25T21:25:49Z,134
2020-12-25T21:25:51Z,135
2020-12-25T21:25:52Z,134
2020-12-25T21:25:54Z,134
2020-12-25T21:25:55Z,134
2020-12-25T21:25:56Z,134
2020-12-25T21:25:58Z,134
2020-12-25T21:25:59Z,134
2020-12-25T21:26:00Z,135
2020-12-25T21:26:01Z,135
2020-12-25T21:26:03Z,135
2020-12-25T21:26:04Z,135
2020-12-25T21:26:05Z,136
2020-12-25T21:26:07Z,136
2020-12-25T21:26:08Z,135
2020-12-25T21:26:09Z,136
2020-12-25T21:26:10Z,136
2020-12-25T21:26:12Z,135
2020-12-25T21:26:13Z,135
2020-12-25T21:26:14Z,135
2020-12-25T21:26:16Z,135
2020-12-25T21:26:17Z,135
2020-12-25T21:26:18Z,135
2020-12-25T21:26:20Z,136
2020-12-25T21:26:21Z,136
2020-12-25T21:26:22Z,137
2020-12-25T21:26:23Z,139
2020-12-25T21:26:25Z,139
2020-12-25T21:26:26Z,139
2020-12-25T21:26:28Z,140
2020-12-25T21:26:29Z,140
2020-12-25T21:26:30Z,140
2020-12-25T21:26:31Z,140
2020-12-25T21:26:33Z,140
2020-12-25T21:26:34Z,140
2020-12-25T21:26:35Z,140
2020-12-25T21:26:37Z,140
2020-12-25T21:26:38Z,140
2020-12-25T21:26:39Z,139
2020-12-25T21:26:41Z,138
2020-12-25T21:26:42Z,137
2020-12-25T21:26:43Z,137
2020-12-25T21:26:44Z,137
2020-12-25T21:26:46Z,137
2020-12-25T21:26:47Z,136
2020-12-25T21:26:48Z,136
2020-12-25T21:26:49Z,136
2020-12-25T21:26:51Z,137
2020-12-25T21:26:52Z,137
2020-12-25T21:26:53Z,137
2020-12-25T21:26:54Z,136
2020-12-25T21:26:56Z,136
2020-12-25T21:26:57Z,136
2020-12-25T21:26:58Z,137
2020-12-25T21:26:59Z,136
2020-12-25T21:27:01Z,137
2020-12-25T21:27:03Z,136
2020-12-25T21:27:04Z,136
2020-12-25T21:27:05Z,136
2020-12-25T21:27:06Z,136
2020-12-25T21:27:08Z,135
2020-12-25T21:27:09Z,135
2020-12-25T21:27:10Z,135
2020-12-25T21:27:11Z,135
2020-12-25T21:27:13Z,135
2020-12-25T21:27:14Z,135
2020-12-25T21:27:15Z,134
2020-12-25T21:27:16Z,135
2020-12-25T21:27:18Z,135
2020-12-25T21:27:19Z,135
2020-12-25T21:27:20Z,135
2020-12-25T21:27:21Z,136
2020-12-25T21:27:23Z,136
2020-12-25T21:27:24Z,136
2020-12-25T21:27:25Z,137
2020-12-25T21:27:26Z,136
2020-12-25T21:27:28Z,137
2020-12-25T21:27:29Z,137
2020-12-25T21:27:31Z,137
2020-12-25T21:27:32Z,138
2020-12-25T21:27:33Z,138
2020-12-25T21:27:34Z,138
2020-12-25T21:27:36Z,138
2020-12-25T21:27:37Z,138
2020-12-25T21:27:39Z,138
2020-12-25T21:27:40Z,138
2020-12-25T21:27:41Z,138
2020-12-25T21:27:43Z,138
2020-12-25T21:27:45Z,138
2020-12-25T21:27:46Z,138
2020-12-25T21:27:48Z,138
2020-12-25T21:27:49Z,138
2020-12-25T21:27:51Z,138
2020-12-25T21:27:52Z,138
2020-12-25T21:27:53Z,138
2020-12-25T21:27:54Z,138
2020-12-25T21:27:56Z,138
2020-12-25T21:27:57Z,138
2020-12-25T21:27:58Z,137
2020-12-25T21:27:59Z,138
2020-12-25T21:28:01Z,137
2020-12-25T21:28:02Z,137
2020-12-25T21:28:03Z,137
2020-12-25T21:28:04Z,137
2020-12-25T21:28:05Z,137
2020-12-25T21:28:06Z,138
2020-12-25T21:28:08Z,137
2020-12-25T21:28:09Z,137
2020-12-25T21:28:11Z,137
2020-12-25T21:28:12Z,137
2020-12-25T21:28:13Z,137
2020-12-25T21:28:14Z,137
2020-12-25T21:28:16Z,137
2020-12-25T21:28:17Z,136
2020-12-25T21:28:18Z,137
2020-12-25T21:28:20Z,137
2020-12-25T21:28:22Z,136
2020-12-25T21:28:23Z,136
2020-12-25T21:28:24Z,137
2020-12-25T21:28:26Z,137
2020-12-25T21:28:27Z,138
2020-12-25T21:28:28Z,137
2020-12-25T21:28:29Z,138
2020-12-25T21:28:31Z,138
2020-12-25T21:28:32Z,138
2020-12-25T21:28:33Z,138
2020-12-25T21:28:34Z,138
2020-12-25T21:28:36Z,138
2020-12-25T21:28:37Z,138
2020-12-25T21:28:38Z,138
2020-12-25T21:28:39Z,138
2020-12-25T21:28:41Z,138
2020-12-25T21:28:42Z,139
2020-12-25T21:28:43Z,138
2020-12-25T21:28:44Z,139
2020-12-25T21:28:46Z,139
2020-12-25T21:28:47Z,139
2020-12-25T21:28:49Z,139
2020-12-25T21:28:50Z,139
2020-12-25T21:28:51Z,140
2020-12-25T21:28:52Z,139
2020-12-25T21:28:54Z,139
2020-12-25T21:28:55Z,140
2020-12-25T21:28:56Z,140
2020-12-25T21:28:58Z,140
2020-12-25T21:28:59Z,140
2020-12-25T21:29:00Z,140
2020-12-25T21:29:01Z,140
2020-12-25T21:29:02Z,139
2020-12-25T21:29:03Z,139
2020-12-25T21:29:04Z,139
2020-12-25T21:29:05Z,139
2020-12-25T21:29:07Z,139
2020-12-25T21:29:08Z,139
2020-12-25T21:29:09Z,138
2020-12-25T21:29:11Z,138
2020-12-25T21:29:12Z,138
2020-12-25T21:29:13Z,138
2020-12-25T21:29:15Z,138
2020-12-25T21:29:16Z,138
2020-12-25T21:29:17Z,138
2020-12-25T21:29:18Z,139
2020-12-25T21:29:19Z,138
2020-12-25T21:29:21Z,139
2020-12-25T21:29:22Z,139
2020-12-25T21:29:23Z,139
2020-12-25T21:29:24Z,139
2020-12-25T21:29:26Z,139
2020-12-25T21:29:27Z,139
2020-12-25T21:29:28Z,139
2020-12-25T21:29:29Z,139
2020-12-25T21:29:31Z,139
2020-12-25T21:29:32Z,139
2020-12-25T21:29:33Z,138
2020-12-25T21:29:35Z,139
2020-12-25T21:29:36Z,138
2020-12-25T21:29:38Z,139
2020-12-25T21:29:39Z,139
2020-12-25T21:29:40Z,138
2020-12-25T21:29:41Z,138
2020-12-25T21:29:42Z,139
2020-12-25T21:29:44Z,138
2020-12-25T21:29:45Z,139
2020-12-25T21:29:47Z,138
2020-12-25T21:29:48Z,139
2020-12-25T21:29:49Z,139
2020-12-25T21:29:50Z,138
2020-12-25T21:29:52Z,138
2020-12-25T21:29:53Z,139
2020-12-25T21:29:55Z,139
2020-12-25T21:29:56Z,139
2020-12-25T21:29:57Z,139
2020-12-25T21:29:58Z,139
2020-12-25T21:30:00Z,139
2020-12-25T21:30:01Z,138
2020-12-25T21:30:02Z,138
2020-12-25T21:30:04Z,138
2020-12-25T21:30:05Z,138
2020-12-25T21:30:07Z,138
2020-12-25T21:30:08Z,138
2020-12-25T21:30:10Z,139
2020-12-25T21:30:11Z,139
2020-12-25T21:30:12Z,139
2020-12-25T21:30:13Z,139
2020-12-25T21:30:14Z,139
2020-12-25T21:30:15Z,139
2020-12-25T21:30:16Z,139
2020-12-25T21:30:18Z,138
2020-12-25T21:30:19Z,138
2020-12-25T21:30:21Z,138
2020-12-25T21:30:22Z,138
2020-12-25T21:30:23Z,138
2020-12-25T21:30:24Z,139
2020-12-25T21:30:25Z,139
2020-12-25T21:30:26Z,139
2020-12-25T21:30:28Z,139
2020-12-25T21:30:29Z,139
2020-12-25T21:30:31Z,139
2020-12-25T21:30:32Z,140
2020-12-25T21:30:33Z,140
2020-12-25T21:30:34Z,140
2020-12-25T21:30:35Z,140
2020-12-25T21:30:36Z,140
2020-12-25T21:30:38Z,140
2020-12-25T21:30:39Z,139
2020-12-25T21:30:40Z,139
2020-12-25T21:30:41Z,139
2020-12-25T21:30:43Z,139
2020-12-25T21:30:44Z,139
2020-12-25T21:30:45Z,139
2020-12-25T21:30:46Z,138
2020-12-25T21:30:48Z,139
2020-12-25T21:30:49Z,139
2020-12-25T21:30:50Z,139
2020-12-25T21:30:51Z,139
2020-12-25T21:30:53Z,139
2020-12-25T21:30:54Z,139
2020-12-25T21:30:55Z,139
2020-12-25T21:30:56Z,140
2020-12-25T21:30:58Z,140
2020-12-25T21:30:59Z,140
2020-12-25T21:31:01Z,139
2020-12-25T21:31:02Z,139
2020-12-25T21:31:03Z,140
2020-12-25T21:31:04Z,140
2020-12-25T21:31:05Z,140
2020-12-25T21:31:06Z,140
2020-12-25T21:31:07Z,139
2020-12-25T21:31:09Z,140
2020-12-25T21:31:10Z,139
2020-12-25T21:31:11Z,140
2020-12-25T21:31:12Z,140
2020-12-25T21:31:14Z,140
2020-12-25T21:31:15Z,139
2020-12-25T21:31:17Z,140
2020-12-25T21:31:18Z,140
2020-12-25T21:31:20Z,141
2020-12-25T21:31:21Z,141
2020-12-25T21:31:22Z,141
2020-12-25T21:31:24Z,142
2020-12-25T21:31:25Z,143
2020-12-25T21:31:26Z,143
2020-12-25T21:31:28Z,143
2020-12-25T21:31:29Z,143
2020-12-25T21:31:30Z,143
2020-12-25T21:31:31Z,143
2020-12-25T21:31:32Z,143
2020-12-25T21:31:34Z,144
2020-12-25T21:31:35Z,144
2020-12-25T21:31:36Z,144
2020-12-25T21:31:38Z,144
2020-12-25T21:31:39Z,145
2020-12-25T21:31:40Z,145
2020-12-25T21:31:41Z,145
2020-12-25T21:31:42Z,145
2020-12-25T21:31:43Z,145
2020-12-25T21:31:45Z,145
2020-12-25T21:31:46Z,145
2020-12-25T21:31:48Z,145
2020-12-25T21:31:49Z,145
2020-12-25T21:31:50Z,145
2020-12-25T21:31:51Z,145
2020-12-25T21:31:52Z,145
2020-12-25T21:31:53Z,145
2020-12-25T21:31:54Z,145
2020-12-25T21:31:55Z,144
2020-12-25T21:31:57Z,145
2020-12-25T21:31:58Z,144
2020-12-25T21:31:59Z,144
2020-12-25T21:32:00Z,144
2020-12-25T21:32:01Z,144
2020-12-25T21:32:03Z,144
2020-12-25T21:32:04Z,144
2020-12-25T21:32:05Z,144
2020-12-25T21:32:06Z,145
2020-12-25T21:32:07Z,145
2020-12-25T21:32:08Z,145
2020-12-25T21:32:10Z,145
2020-12-25T21:32:11Z,145
2020-12-25T21:32:12Z,145
2020-12-25T21:32:14Z,145
2020-12-25T21:32:15Z,146
2020-12-25T21:32:16Z,145
2020-12-25T21:32:17Z,145
2020-12-25T21:32:19Z,145
2020-12-25T21:32:20Z,146
2020-12-25T21:32:21Z,146
2020-12-25T21:32:22Z,146
2020-12-25T21:32:24Z,146
2020-12-25T21:32:25Z,146
2020-12-25T21:32:26Z,146
2020-12-25T21:32:27Z,146
2020-12-25T21:32:29Z,146
2020-12-25T21:32:30Z,147
2020-12-25T21:32:31Z,147
2020-12-25T21:32:33Z,147
2020-12-25T21:32:35Z,147
2020-12-25T21:32:36Z,147
2020-12-25T21:32:37Z,148
2020-12-25T21:32:38Z,148
2020-12-25T21:32:39Z,147
2020-12-25T21:32:41Z,148
2020-12-25T21:32:42Z,148
2020-12-25T21:32:43Z,148
2020-12-25T21:32:44Z,148
2020-12-25T21:32:45Z,148
2020-12-25T21:32:47Z,148
2020-12-25T21:32:49Z,148
2020-12-25T21:32:51Z,148
2020-12-25T21:32:53Z,148
2020-12-25T21:32:54Z,147
2020-12-25T21:32:56Z,146
2020-12-25T21:32:58Z,142
2020-12-25T21:33:00Z,140
2020-12-25T21:33:01Z,139
2020-12-25T21:33:03Z,138
2020-12-25T21:33:05Z,136
2020-12-25T21:33:07Z,134
2020-12-25T21:33:09Z,133
2020-12-25T21:33:11Z,131
2020-12-25T21:33:13Z,129
2020-12-25T21:33:14Z,128
2020-12-25T21:33:15Z,127
2020-12-25T21:33:17Z,124
2020-12-25T21:33:18Z,123
2020-12-25T21:33:19Z,122
2020-12-25T21:33:20Z,121
2020-12-25T21:33:21Z,120
2020-12-25T21:33:23Z,118
2020-12-25T21:33:24Z,118
2020-12-25T21:33:26Z,116
2020-12-25T21:33:27Z,115
2020-12-25T21:33:29Z,114
2020-12-25T21:33:31Z,113
2020-12-25T21:33:33Z,112
2020-12-25T21:33:35Z,111
2020-12-25T21:33:37Z,111
2020-12-25T21:33:39Z,111
2020-12-25T21:33:41Z,111
2020-12-25T21:33:42Z,111
2020-12-25T21:33:44Z,110
2020-12-25T21:33:45Z,111
2020-12-25T21:33:46Z,111
2020-12-25T21:33:48Z,111
2020-12-25T21:33:49Z,112
2020-12-25T21:33:50Z,112
2020-12-25T21:33:51Z,113
2020-12-25T21:33:53Z,114
2020-12-25T21:33:54Z,115
2020-12-25T21:33:55Z,115
2020-12-25T21:33:56Z,116
2020-12-25T21:33:58Z,117
2020-12-25T21:33:59Z,118
2020-12-25T21:34:00Z,119
2020-12-25T21:34:01Z,120
2020-12-25T21:34:02Z,120
2020-12-25T21:34:03Z,121
2020-12-25T21:34:05Z,122
2020-12-25T21:34:06Z,122
2020-12-25T21:34:08Z,123
2020-12-25T21:34:09Z,123
2020-12-25T21:34:10Z,124
2020-12-25T21:34:12Z,124
2020-12-25T21:34:13Z,124
2020-12-25T21:34:15Z,125
2020-12-25T21:34:17Z,126
2020-12-25T21:34:19Z,126
2020-12-25T21:34:21Z,127
2020-12-25T21:34:23Z,127
2020-12-25T21:34:25Z,128
2020-12-25T21:34:26Z,129
2020-12-25T21:34:27Z,129
2020-12-25T21:34:30Z,130
2020-12-25T21:34:31Z,131
2020-12-25T21:34:33Z,132
2020-12-25T21:34:35Z,133
2020-12-25T21:34:36Z,133
2020-12-25T21:34:38Z,133
2020-12-25T21:34:39Z,134
2020-12-25T21:34:40Z,134
2020-12-25T21:34:41Z,134
2020-12-25T21:34:42Z,134
2020-12-25T21:34:44Z,134
2020-12-25T21:34:46Z,134
2020-12-25T21:34:48Z,135
2020-12-25T21:34:50Z,135
2020-12-25T21:34:51Z,135
2020-12-25T21:34:52Z,136
2020-12-25T21:34:54Z,136
2020-12-25T21:34:55Z,136
2020-12-25T21:34:57Z,137
2020-12-25T21:34:58Z,137
2020-12-25T21:35:00Z,137
2020-12-25T21:35:01Z,137
2020-12-25T21:35:03Z,136
2020-12-25T21:35:05Z,137
2020-12-25T21:35:06Z,137
2020-12-25T21:35:08Z,138
2020-12-25T21:35:11Z,138
2020-12-25T21:35:13Z,140
2020-12-25T21:35:14Z,140
2020-12-25T21:35:15Z,140
2020-12-25T21:35:16Z,140
2020-12-25T21:35:18Z,141
2020-12-25T21:35:20Z,141
2020-12-25T21:35:22Z,142
2020-12-25T21:35:24Z,141
2020-12-25T21:35:26Z,141
2020-12-25T21:35:28Z,142
2020-12-25T21:35:29Z,142
2020-12-25T21:35:30Z,142
2020-12-25T21:35:31Z,142
2020-12-25T21:35:33Z,142
2020-12-25T21:35:34Z,141
2020-12-25T21:35:35Z,141
2020-12-25T21:35:36Z,141
2020-12-25T21:35:38Z,141
2020-12-25T21:35:39Z,141
2020-12-25T21:35:41Z,141
2020-12-25T21:35:42Z,142
2020-12-25T21:35:44Z,141
2020-12-25T21:35:46Z,142
2020-12-25T21:35:47Z,141
2020-12-25T21:35:49Z,141
2020-12-25T21:35:50Z,142
2020-12-25T21:35:51Z,142
2020-12-25T21:35:53Z,143
2020-12-25T21:35:54Z,143
2020-12-25T21:35:55Z,143
2020-12-25T21:35:56Z,143
2020-12-25T21:35:57Z,143
2020-12-25T21:35:59Z,143
2020-12-25T21:36:00Z,143
2020-12-25T21:36:01Z,143
2020-12-25T21:36:02Z,143
2020-12-25T21:36:03Z,143
2020-12-25T21:36:04Z,144
2020-12-25T21:36:06Z,144
2020-12-25T21:36:07Z,144
2020-12-25T21:36:08Z,144
2020-12-25T21:36:09Z,145
2020-12-25T21:36:11Z,145
2020-12-25T21:36:12Z,145
2020-12-25T21:36:13Z,145
2020-12-25T21:36:14Z,145
2020-12-25T21:36:16Z,145
2020-12-25T21:36:17Z,145
2020-12-25T21:36:18Z,145
2020-12-25T21:36:19Z,144
2020-12-25T21:36:21Z,144
2020-12-25T21:36:22Z,145
2020-12-25T21:36:23Z,145
2020-12-25T21:36:25Z,145
2020-12-25T21:36:26Z,144
2020-12-25T21:36:27Z,145
2020-12-25T21:36:28Z,144
2020-12-25T21:36:30Z,145
2020-12-25T21:36:31Z,145
2020-12-25T21:36:32Z,145
2020-12-25T21:36:33Z,145
2020-12-25T21:36:35Z,145
2020-12-25T21:36:36Z,146
2020-12-25T21:36:37Z,146
2020-12-25T21:36:38Z,146
2020-12-25T21:36:40Z,146
2020-12-25T21:36:41Z,146
2020-12-25T21:36:42Z,146
2020-12-25T21:36:44Z,146
2020-12-25T21:36:45Z,146
2020-12-25T21:36:46Z,145
2020-12-25T21:36:48Z,146
2020-12-25T21:36:49Z,146
2020-12-25T21:36:50Z,146
2020-12-25T21:36:51Z,146
2020-12-25T21:36:52Z,147
2020-12-25T21:36:53Z,147
2020-12-25T21:36:54Z,147
2020-12-25T21:36:55Z,147
2020-12-25T21:36:56Z,146
2020-12-25T21:36:58Z,147
2020-12-25T21:36:59Z,147
2020-12-25T21:37:01Z,147
2020-12-25T21:37:02Z,147
2020-12-25T21:37:04Z,147
2020-12-25T21:37:05Z,147
2020-12-25T21:37:06Z,147
2020-12-25T21:37:08Z,147
2020-12-25T21:37:09Z,147
2020-12-25T21:37:11Z,148
2020-12-25T21:37:12Z,148
2020-12-25T21:37:13Z,148
2020-12-25T21:37:14Z,148
2020-12-25T21:37:16Z,148
2020-12-25T21:37:17Z,147
2020-12-25T21:37:19Z,147
2020-12-25T21:37:20Z,147
2020-12-25T21:37:21Z,146
2020-12-25T21:37:23Z,146
2020-12-25T21:37:24Z,146
2020-12-25T21:37:26Z,146
2020-12-25T21:37:27Z,145
2020-12-25T21:37:28Z,146
2020-12-25T21:37:30Z,145
2020-12-25T21:37:31Z,145
2020-12-25T21:37:32Z,145
2020-12-25T21:37:33Z,145
2020-12-25T21:37:34Z,145
2020-12-25T21:37:36Z,145
2020-12-25T21:37:37Z,145
2020-12-25T21:37:38Z,145
2020-12-25T21:37:39Z,145
2020-12-25T21:37:40Z,145
2020-12-25T21:37:41Z,146
2020-12-25T21:37:43Z,146
2020-12-25T21:37:44Z,146
2020-12-25T21:37:45Z,146
2020-12-25T21:37:46Z,146
2020-12-25T21:37:48Z,146
2020-12-25T21:37:49Z,147
2020-12-25T21:37:50Z,146
2020-12-25T21:37:52Z,147
2020-12-25T21:37:54Z,147
2020-12-25T21:37:55Z,147
2020-12-25T21:37:56Z,147
2020-12-25T21:37:57Z,147
2020-12-25T21:37:58Z,147
2020-12-25T21:38:00Z,148
2020-12-25T21:38:01Z,147
2020-12-25T21:38:02Z,147
2020-12-25T21:38:03Z,147
2020-12-25T21:38:05Z,147
2020-12-25T21:38:06Z,147
2020-12-25T21:38:07Z,147
2020-12-25T21:38:08Z,147
2020-12-25T21:38:10Z,147
2020-12-25T21:38:11Z,148
2020-12-25T21:38:12Z,148
2020-12-25T21:38:13Z,148
2020-12-25T21:38:15Z,148
2020-12-25T21:38:16Z,148
2020-12-25T21:38:17Z,148
2020-12-25T21:38:18Z,148
2020-12-25T21:38:20Z,148
2020-12-25T21:38:21Z,148
2020-12-25T21:38:22Z,148
2020-12-25T21:38:24Z,148
2020-12-25T21:38:25Z,148
2020-12-25T21:38:26Z,148
2020-12-25T21:38:27Z,148
2020-12-25T21:38:28Z,148
2020-12-25T21:38:29Z,148
2020-12-25T21:38:30Z,147
2020-12-25T21:38:32Z,148
2020-12-25T21:38:33Z,148
2020-12-25T21:38:34Z,148
2020-12-25T21:38:35Z,148
2020-12-25T21:38:37Z,148
2020-12-25T21:38:38Z,148
2020-12-25T21:38:39Z,147
2020-12-25T21:38:40Z,148
2020-12-25T21:38:42Z,147
2020-12-25T21:38:43Z,148
2020-12-25T21:38:45Z,148
2020-12-25T21:38:46Z,148
2020-12-25T21:38:47Z,148
2020-12-25T21:38:49Z,148
2020-12-25T21:38:50Z,148
2020-12-25T21:38:51Z,148
2020-12-25T21:38:53Z,148
2020-12-25T21:38:54Z,148
2020-12-25T21:38:55Z,148
2020-12-25T21:38:56Z,148
2020-12-25T21:38:58Z,148
2020-12-25T21:38:59Z,148
2020-12-25T21:39:01Z,148
2020-12-25T21:39:02Z,148
2020-12-25T21:39:03Z,148
2020-12-25T21:39:04Z,148
2020-12-25T21:39:06Z,148
2020-12-25T21:39:07Z,148
2020-12-25T21:39:08Z,149
2020-12-25T21:39:10Z,148
2020-12-25T21:39:11Z,149
2020-12-25T21:39:13Z,148
2020-12-25T21:39:14Z,148
2020-12-25T21:39:15Z,148
2020-12-25T21:39:17Z,148
2020-12-25T21:39:18Z,148
2020-12-25T21:39:19Z,149
2020-12-25T21:39:20Z,148
2020-12-25T21:39:22Z,148
2020-12-25T21:39:23Z,148
2020-12-25T21:39:24Z,149
2020-12-25T21:39:25Z,149
2020-12-25T21:39:27Z,148
2020-12-25T21:39:28Z,149
2020-12-25T21:39:29Z,149
2020-12-25T21:39:30Z,149
2020-12-25T21:39:32Z,148
2020-12-25T21:39:33Z,149
2020-12-25T21:39:34Z,149
2020-12-25T21:39:35Z,148
2020-12-25T21:39:36Z,149
2020-12-25T21:39:37Z,149
2020-12-25T21:39:39Z,149
2020-12-25T21:39:40Z,149
2020-12-25T21:39:42Z,149
2020-12-25T21:39:43Z,149
2020-12-25T21:39:45Z,149
2020-12-25T21:39:46Z,150
2020-12-25T21:39:47Z,150
2020-12-25T21:39:49Z,149
2020-12-25T21:39:50Z,149
2020-12-25T21:39:52Z,149
2020-12-25T21:39:53Z,149
2020-12-25T21:39:54Z,148
2020-12-25T21:39:55Z,148
2020-12-25T21:39:57Z,149
2020-12-25T21:39:58Z,148
2020-12-25T21:39:59Z,148
2020-12-25T21:40:00Z,148
2020-12-25T21:40:02Z,148
2020-12-25T21:40:03Z,148
2020-12-25T21:40:04Z,148
2020-12-25T21:40:05Z,148
2020-12-25T21:40:06Z,148
2020-12-25T21:40:07Z,148
2020-12-25T21:40:08Z,148
2020-12-25T21:40:10Z,148
2020-12-25T21:40:11Z,149
2020-12-25T21:40:12Z,148
2020-12-25T21:40:14Z,149
2020-12-25T21:40:15Z,149
2020-12-25T21:40:16Z,149
2020-12-25T21:40:17Z,149
2020-12-25T21:40:18Z,148
2020-12-25T21:40:19Z,148
2020-12-25T21:40:20Z,148
2020-12-25T21:40:21Z,148
2020-12-25T21:40:22Z,148
2020-12-25T21:40:23Z,148
2020-12-25T21:40:25Z,149
2020-12-25T21:40:26Z,148
2020-12-25T21:40:28Z,149
2020-12-25T21:40:29Z,149
2020-12-25T21:40:30Z,149
2020-12-25T21:40:32Z,149
2020-12-25T21:40:33Z,149
2020-12-25T21:40:35Z,149
2020-12-25T21:40:36Z,149
2020-12-25T21:40:37Z,149
2020-12-25T21:40:39Z,149
2020-12-25T21:40:40Z,149
2020-12-25T21:40:42Z,149
2020-12-25T21:40:43Z,149
2020-12-25T21:40:45Z,150
2020-12-25T21:40:46Z,150
2020-12-25T21:40:47Z,150
2020-12-25T21:40:49Z,150
2020-12-25T21:40:50Z,151
2020-12-25T21:40:51Z,150
2020-12-25T21:40:53Z,150
2020-12-25T21:40:54Z,150
2020-12-25T21:40:56Z,150
2020-12-25T21:40:57Z,150
2020-12-25T21:40:58Z,150
2020-12-25T21:40:59Z,150
2020-12-25T21:41:01Z,150
2020-12-25T21:41:02Z,150
2020-12-25T21:41:03Z,150
2020-12-25T21:41:05Z,150
2020-12-25T21:41:06Z,150
2020-12-25T21:41:08Z,150
2020-12-25T21:41:09Z,150
2020-12-25T21:41:10Z,150
2020-12-25T21:41:12Z,150
2020-12-25T21:41:13Z,150
2020-12-25T21:41:14Z,150
2020-12-25T21:41:15Z,150
2020-12-25T21:41:16Z,150
2020-12-25T21:41:18Z,150
2020-12-25T21:41:19Z,150
2020-12-25T21:41:21Z,151
2020-12-25T21:41:22Z,150
2020-12-25T21:41:23Z,151
2020-12-25T21:41:24Z,150
2020-12-25T21:41:26Z,150
2020-12-25T21:41:27Z,150
2020-12-25T21:41:29Z,150
2020-12-25T21:41:30Z,150
2020-12-25T21:41:31Z,150
2020-12-25T21:41:32Z,150
2020-12-25T21:41:34Z,150
2020-12-25T21:41:35Z,150
2020-12-25T21:41:36Z,150
2020-12-25T21:41:37Z,150
2020-12-25T21:41:38Z,150
2020-12-25T21:41:39Z,150
2020-12-25T21:41:41Z,150
2020-12-25T21:41:42Z,150
2020-12-25T21:41:43Z,150
2020-12-25T21:41:44Z,150
2020-12-25T21:41:46Z,151
2020-12-25T21:41:47Z,150
2020-12-25T21:41:48Z,151
2020-12-25T21:41:50Z,151
2020-12-25T21:41:51Z,150
2020-12-25T21:41:53Z,151
2020-12-25T21:41:54Z,151
2020-12-25T21:41:55Z,151
2020-12-25T21:41:56Z,151
2020-12-25T21:41:58Z,151
2020-12-25T21:41:59Z,152
2020-12-25T21:42:01Z,151
2020-12-25T21:42:02Z,152
2020-12-25T21:42:03Z,152
2020-12-25T21:42:04Z,152
2020-12-25T21:42:06Z,152
2020-12-25T21:42:07Z,152
2020-12-25T21:42:08Z,152
2020-12-25T21:42:10Z,151
2020-12-25T21:42:11Z,151
2020-12-25T21:42:12Z,151
2020-12-25T21:42:14Z,152
2020-12-25T21:42:15Z,152
2020-12-25T21:42:16Z,152
2020-12-25T21:42:17Z,151
2020-12-25T21:42:19Z,151
2020-12-25T21:42:21Z,151
2020-12-25T21:42:22Z,151
2020-12-25T21:42:23Z,151
2020-12-25T21:42:24Z,151
2020-12-25T21:42:26Z,151
2020-12-25T21:42:27Z,150
2020-12-25T21:42:28Z,151
2020-12-25T21:42:29Z,150
2020-12-25T21:42:30Z,150
2020-12-25T21:42:31Z,150
2020-12-25T21:42:32Z,150
2020-12-25T21:42:33Z,150
2020-12-25T21:42:35Z,150
2020-12-25T21:42:37Z,149
2020-12-25T21:42:38Z,149
2020-12-25T21:42:39Z,148
2020-12-25T21:42:40Z,148
2020-12-25T21:42:41Z,148
2020-12-25T21:42:42Z,148
2020-12-25T21:42:43Z,149
2020-12-25T21:42:44Z,148
2020-12-25T21:42:45Z,148
2020-12-25T21:42:46Z,148
2020-12-25T21:42:48Z,149
2020-12-25T21:42:49Z,149
2020-12-25T21:42:51Z,149
2020-12-25T21:42:52Z,150
2020-12-25T21:42:53Z,150
2020-12-25T21:42:55Z,151
2020-12-25T21:42:56Z,151
2020-12-25T21:42:58Z,152
2020-12-25T21:42:59Z,152
2020-12-25T21:43:00Z,152
2020-12-25T21:43:01Z,152
2020-12-25T21:43:02Z,152
2020-12-25T21:43:03Z,153
2020-12-25T21:43:05Z,153
2020-12-25T21:43:06Z,153
2020-12-25T21:43:07Z,153
2020-12-25T21:43:08Z,153
2020-12-25T21:43:09Z,153
2020-12-25T21:43:11Z,153
2020-12-25T21:43:12Z,152
2020-12-25T21:43:13Z,152
2020-12-25T21:43:14Z,153
2020-12-25T21:43:15Z,152
2020-12-25T21:43:16Z,152
2020-12-25T21:43:17Z,153
2020-12-25T21:43:19Z,152
2020-12-25T21:43:20Z,152
2020-12-25T21:43:21Z,152
2020-12-25T21:43:22Z,152
2020-12-25T21:43:23Z,152
2020-12-25T21:43:24Z,152
2020-12-25T21:43:26Z,151
2020-12-25T21:43:27Z,152
2020-12-25T21:43:28Z,151
2020-12-25T21:43:29Z,151
2020-12-25T21:43:31Z,152
2020-12-25T21:43:33Z,151
2020-12-25T21:43:34Z,151
2020-12-25T21:43:35Z,151
2020-12-25T21:43:37Z,151
2020-12-25T21:43:38Z,151
2020-12-25T21:43:40Z,152
2020-12-25T21:43:41Z,151
2020-12-25T21:43:42Z,151
2020-12-25T21:43:43Z,151
2020-12-25T21:43:44Z,151
2020-12-25T21:43:46Z,151
2020-12-25T21:43:47Z,151
2020-12-25T21:43:48Z,151
2020-12-25T21:43:49Z,151
2020-12-25T21:43:51Z,151
2020-12-25T21:43:52Z,151
2020-12-25T21:43:53Z,150
2020-12-25T21:43:55Z,150
2020-12-25T21:43:56Z,149
2020-12-25T21:43:58Z,149
2020-12-25T21:43:59Z,149
2020-12-25T21:44:00Z,149
2020-12-25T21:44:01Z,149
2020-12-25T21:44:03Z,149
2020-12-25T21:44:04Z,149
2020-12-25T21:44:05Z,150
2020-12-25T21:44:07Z,150
2020-12-25T21:44:08Z,150
2020-12-25T21:44:10Z,150
2020-12-25T21:44:11Z,151
2020-12-25T21:44:12Z,151
2020-12-25T21:44:14Z,151
2020-12-25T21:44:15Z,151
2020-12-25T21:44:17Z,152
2020-12-25T21:44:18Z,151
2020-12-25T21:44:19Z,152
2020-12-25T21:44:20Z,152
2020-12-25T21:44:22Z,152
2020-12-25T21:44:23Z,152
2020-12-25T21:44:24Z,152
2020-12-25T21:44:25Z,152
2020-12-25T21:44:26Z,153
2020-12-25T21:44:27Z,153
2020-12-25T21:44:29Z,152
2020-12-25T21:44:30Z,153
2020-12-25T21:44:31Z,153
2020-12-25T21:44:32Z,152
2020-12-25T21:44:34Z,153
2020-12-25T21:44:35Z,153
2020-12-25T21:44:37Z,153
2020-12-25T21:44:38Z,153
2020-12-25T21:44:39Z,153
2020-12-25T21:44:40Z,153
2020-12-25T21:44:42Z,154
2020-12-25T21:44:43Z,153
2020-12-25T21:44:44Z,153
2020-12-25T21:44:45Z,153
2020-12-25T21:44:46Z,153
2020-12-25T21:44:47Z,153
2020-12-25T21:44:48Z,153
2020-12-25T21:44:50Z,152
2020-12-25T21:44:51Z,153
2020-12-25T21:44:53Z,153
2020-12-25T21:44:54Z,153
2020-12-25T21:44:55Z,152
2020-12-25T21:44:57Z,152
2020-12-25T21:44:58Z,153
2020-12-25T21:45:00Z,152
2020-12-25T21:45:01Z,153
2020-12-25T21:45:03Z,153
2020-12-25T21:45:04Z,153
2020-12-25T21:45:05Z,153
2020-12-25T21:45:06Z,153
2020-12-25T21:45:07Z,153
2020-12-25T21:45:08Z,153
2020-12-25T21:45:10Z,154
2020-12-25T21:45:11Z,153
2020-12-25T21:45:12Z,154
2020-12-25T21:45:14Z,154
2020-12-25T21:45:15Z,154
2020-12-25T21:45:16Z,153
2020-12-25T21:45:17Z,154
2020-12-25T21:45:19Z,153
2020-12-25T21:45:21Z,153
2020-12-25T21:45:22Z,153
2020-12-25T21:45:23Z,153
2020-12-25T21:45:24Z,153
2020-12-25T21:45:25Z,153
2020-12-25T21:45:27Z,153
2020-12-25T21:45:28Z,153
2020-12-25T21:45:29Z,153
2020-12-25T21:45:30Z,153
2020-12-25T21:45:32Z,153
2020-12-25T21:45:33Z,153
2020-12-25T21:45:34Z,153
2020-12-25T21:45:35Z,152
2020-12-25T21:45:36Z,153
2020-12-25T21:45:37Z,152
2020-12-25T21:45:39Z,153
2020-12-25T21:45:40Z,153
2020-12-25T21:45:42Z,153
2020-12-25T21:45:43Z,153
2020-12-25T21:45:44Z,153
2020-12-25T21:45:46Z,154
2020-12-25T21:45:47Z,154
2020-12-25T21:45:48Z,153
2020-12-25T21:45:49Z,153
2020-12-25T21:45:50Z,154
2020-12-25T21:45:51Z,153
2020-12-25T21:45:52Z,153
2020-12-25T21:45:53Z,154
2020-12-25T21:45:55Z,154
2020-12-25T21:45:56Z,153
2020-12-25T21:45:58Z,153
2020-12-25T21:45:59Z,153
2020-12-25T21:46:01Z,153
2020-12-25T21:46:02Z,153
2020-12-25T21:46:03Z,153
2020-12-25T21:46:04Z,153
2020-12-25T21:46:06Z,152
2020-12-25T21:46:07Z,152
2020-12-25T21:46:08Z,152
2020-12-25T21:46:09Z,152
2020-12-25T21:46:11Z,152
2020-12-25T21:46:12Z,152
2020-12-25T21:46:13Z,152
2020-12-25T21:46:15Z,151
2020-12-25T21:46:16Z,152
2020-12-25T21:46:17Z,151
2020-12-25T21:46:18Z,151
2020-12-25T21:46:20Z,152
2020-12-25T21:46:21Z,152
2020-12-25T21:46:22Z,153
2020-12-25T21:46:23Z,153
2020-12-25T21:46:24Z,153
2020-12-25T21:46:25Z,153
2020-12-25T21:46:27Z,152
2020-12-25T21:46:28Z,153
2020-12-25T21:46:29Z,153
2020-12-25T21:46:32Z,153
2020-12-25T21:46:33Z,153
2020-12-25T21:46:34Z,152
2020-12-25T21:46:35Z,153
2020-12-25T21:46:37Z,153
2020-12-25T21:46:38Z,153
2020-12-25T21:46:40Z,153
2020-12-25T21:46:41Z,153
2020-12-25T21:46:42Z,153
2020-12-25T21:46:43Z,153
2020-12-25T21:46:45Z,152
2020-12-25T21:46:47Z,153
2020-12-25T21:46:48Z,152
2020-12-25T21:46:49Z,153
2020-12-25T21:46:51Z,153
2020-12-25T21:46:52Z,152
2020-12-25T21:46:53Z,153
2020-12-25T21:46:55Z,152
2020-12-25T21:46:56Z,152
2020-12-25T21:46:57Z,153
2020-12-25T21:46:58Z,153
2020-12-25T21:47:00Z,153
2020-12-25T21:47:01Z,153
2020-12-25T21:47:03Z,152
2020-12-25T21:47:04Z,153
2020-12-25T21:47:05Z,152
2020-12-25T21:47:06Z,152
2020-12-25T21:47:07Z,153
2020-12-25T21:47:08Z,152
2020-12-25T21:47:09Z,152
2020-12-25T21:47:10Z,152
2020-12-25T21:47:12Z,152
2020-12-25T21:47:13Z,152
2020-12-25T21:47:14Z,152
2020-12-25T21:47:15Z,152
2020-12-25T21:47:16Z,152
2020-12-25T21:47:18Z,152
2020-12-25T21:47:19Z,152
2020-12-25T21:47:21Z,152
2020-12-25T21:47:22Z,152
2020-12-25T21:47:23Z,152
2020-12-25T21:47:24Z,152
2020-12-25T21:47:26Z,153
2020-12-25T21:47:27Z,153
2020-12-25T21:47:28Z,153
2020-12-25T21:47:30Z,153
2020-12-25T21:47:31Z,153
2020-12-25T21:48:24Z,154
2020-12-25T21:48:25Z,154
2020-12-25T21:48:26Z,154
2020-12-25T21:48:27Z,154
2020-12-25T21:48:28Z,154
2020-12-25T21:48:30Z,154
2020-12-25T21:48:32Z,154
2020-12-25T21:48:33Z,154
2020-12-25T21:48:35Z,155
2020-12-25T21:48:36Z,155
2020-12-25T21:48:37Z,154
2020-12-25T21:48:38Z,155
2020-12-25T21:48:39Z,155
2020-12-25T21:48:41Z,155
2020-12-25T21:48:42Z,155
2020-12-25T21:48:43Z,154
2020-12-25T21:48:44Z,155
2020-12-25T21:48:46Z,155
2020-12-25T21:48:47Z,155
2020-12-25T21:48:48Z,155
2020-12-25T21:48:49Z,156
2020-12-25T21:48:50Z,155
2020-12-25T21:48:52Z,155
2020-12-25T21:48:53Z,155
2020-12-25T21:48:55Z,155
2020-12-25T21:48:56Z,155
2020-12-25T21:48:57Z,154
2020-12-25T21:48:59Z,154
2020-12-25T21:49:00Z,154
2020-12-25T21:49:01Z,154
2020-12-25T21:49:02Z,155
2020-12-25T21:49:03Z,154
2020-12-25T21:49:04Z,154
2020-12-25T21:49:06Z,154
2020-12-25T21:49:07Z,154
2020-12-25T21:49:08Z,154
2020-12-25T21:49:09Z,154
2020-12-25T21:49:10Z,154
2020-12-25T21:49:12Z,154
2020-12-25T21:49:13Z,154
2020-12-25T21:49:14Z,155
2020-12-25T21:49:15Z,154
2020-12-25T21:49:17Z,154
2020-12-25T21:49:18Z,154
2020-12-25T21:49:19Z,154
2020-12-25T21:49:20Z,154
2020-12-25T21:49:22Z,154
2020-12-25T21:49:23Z,154
2020-12-25T21:49:24Z,154
2020-12-25T21:49:25Z,154
2020-12-25T21:49:27Z,155
2020-12-25T21:49:28Z,154
2020-12-25T21:49:29Z,155
2020-12-25T21:49:30Z,155
2020-12-25T21:49:31Z,155
2020-12-25T21:49:33Z,155
2020-12-25T21:49:34Z,155
2020-12-25T21:49:35Z,155
2020-12-25T21:49:36Z,155
2020-12-25T21:49:37Z,156
2020-12-25T21:49:38Z,156
2020-12-25T21:49:40Z,156
2020-12-25T21:49:41Z,155
2020-12-25T21:49:42Z,156
2020-12-25T21:49:44Z,155
2020-12-25T21:49:45Z,156
2020-12-25T21:49:47Z,156
2020-12-25T21:49:48Z,155
2020-12-25T21:49:49Z,156
2020-12-25T21:49:51Z,155
2020-12-25T21:49:52Z,155
2020-12-25T21:49:54Z,155
2020-12-25T21:49:55Z,155
2020-12-25T21:49:57Z,154
2020-12-25T21:49:58Z,154
2020-12-25T21:49:59Z,154
2020-12-25T21:50:00Z,153
2020-12-25T21:50:02Z,153
2020-12-25T21:50:03Z,153
2020-12-25T21:50:04Z,153
2020-12-25T21:50:05Z,154
2020-12-25T21:50:07Z,153
2020-12-25T21:50:08Z,154
2020-12-25T21:50:09Z,154
2020-12-25T21:50:10Z,154
2020-12-25T21:50:11Z,154
2020-12-25T21:50:12Z,154
2020-12-25T21:50:14Z,154
2020-12-25T21:50:15Z,154
2020-12-25T21:50:16Z,155
2020-12-25T21:50:18Z,154
2020-12-25T21:50:19Z,154
2020-12-25T21:50:20Z,155
2020-12-25T21:50:21Z,155
2020-12-25T21:50:23Z,155
2020-12-25T21:50:24Z,155
2020-12-25T21:50:26Z,155
2020-12-25T21:50:27Z,155
2020-12-25T21:50:28Z,155
2020-12-25T21:50:29Z,155
2020-12-25T21:50:30Z,155
2020-12-25T21:50:32Z,155
2020-12-25T21:50:33Z,155
2020-12-25T21:50:34Z,155
2020-12-25T21:50:35Z,155
2020-12-25T21:50:36Z,155
2020-12-25T21:50:37Z,155
2020-12-25T21:50:39Z,155
2020-12-25T21:50:40Z,155
2020-12-25T21:50:42Z,155
2020-12-25T21:50:43Z,155
2020-12-25T21:50:44Z,154
2020-12-25T21:50:46Z,154
2020-12-25T21:50:47Z,154
2020-12-25T21:50:48Z,154
2020-12-25T21:50:49Z,155
2020-12-25T21:50:50Z,155
2020-12-25T21:50:52Z,154
2020-12-25T21:50:53Z,154
2020-12-25T21:50:54Z,155
2020-12-25T21:50:55Z,155
2020-12-25T21:50:56Z,155
2020-12-25T21:50:57Z,154
2020-12-25T21:50:59Z,154
2020-12-25T21:51:00Z,154
2020-12-25T21:51:01Z,154
2020-12-25T21:51:02Z,154
2020-12-25T21:51:03Z,155
2020-12-25T21:51:04Z,154
2020-12-25T21:51:06Z,154
2020-12-25T21:51:07Z,154
2020-12-25T21:51:08Z,154
2020-12-25T21:51:09Z,154
2020-12-25T21:51:10Z,154
2020-12-25T21:51:11Z,154
2020-12-25T21:51:13Z,154
2020-12-25T21:51:14Z,154
2020-12-25T21:51:15Z,154
2020-12-25T21:51:16Z,154
2020-12-25T21:51:17Z,154
2020-12-25T21:51:18Z,154
2020-12-25T21:51:19Z,154
2020-12-25T21:51:20Z,154
2020-12-25T21:51:22Z,154
2020-12-25T21:51:23Z,154
2020-12-25T21:51:24Z,154
2020-12-25T21:51:26Z,154
2020-12-25T21:51:27Z,154
2020-12-25T21:51:28Z,154
2020-12-25T21:51:29Z,155
2020-12-25T21:51:31Z,154
2020-12-25T21:51:32Z,154
2020-12-25T21:51:33Z,154
2020-12-25T21:51:35Z,154
2020-12-25T21:51:36Z,154
2020-12-25T21:51:37Z,154
2020-12-25T21:51:38Z,154
2020-12-25T21:51:39Z,154
2020-12-25T21:51:40Z,154
2020-12-25T21:51:42Z,154
2020-12-25T21:51:43Z,154
2020-12-25T21:51:44Z,154
2020-12-25T21:51:45Z,154
2020-12-25T21:51:47Z,155
2020-12-25T21:51:48Z,155
2020-12-25T21:51:49Z,155
2020-12-25T21:51:50Z,154
2020-12-25T21:51:51Z,155
2020-12-25T21:51:53Z,155
2020-12-25T21:51:54Z,155
2020-12-25T21:51:55Z,154
2020-12-25T21:51:56Z,155
2020-12-25T21:51:58Z,154
2020-12-25T21:51:59Z,154
2020-12-25T21:52:00Z,155
2020-12-25T21:52:02Z,156
2020-12-25T21:52:03Z,155
2020-12-25T21:52:04Z,156
2020-12-25T21:52:05Z,156
2020-12-25T21:52:07Z,156
2020-12-25T21:52:08Z,156
2020-12-25T21:52:09Z,156
2020-12-25T21:52:10Z,156
2020-12-25T21:52:11Z,155
2020-12-25T21:52:13Z,155
2020-12-25T21:52:14Z,155
2020-12-25T21:52:15Z,155
2020-12-25T21:52:16Z,155
2020-12-25T21:52:17Z,155
2020-12-25T21:52:19Z,155
2020-12-25T21:52:20Z,155
2020-12-25T21:52:21Z,155
2020-12-25T21:52:22Z,155
2020-12-25T21:52:23Z,155
2020-12-25T21:52:25Z,155
2020-12-25T21:52:26Z,154
2020-12-25T21:52:27Z,154
2020-12-25T21:52:28Z,155
2020-12-25T21:52:29Z,154
2020-12-25T21:52:31Z,155
2020-12-25T21:52:33Z,155
2020-12-25T21:52:34Z,154
2020-12-25T21:52:35Z,155
2020-12-25T21:52:36Z,155
2020-12-25T21:52:37Z,155
2020-12-25T21:52:39Z,155
2020-12-25T21:52:40Z,155
2020-12-25T21:52:41Z,155
2020-12-25T21:52:43Z,155
2020-12-25T21:52:44Z,155
2020-12-25T21:52:45Z,155
2020-12-25T21:52:46Z,154
2020-12-25T21:52:48Z,154
2020-12-25T21:52:49Z,154
2020-12-25T21:52:50Z,154
2020-12-25T21:52:51Z,154
2020-12-25T21:52:52Z,154
2020-12-25T21:52:53Z,154
2020-12-25T21:52:54Z,154
2020-12-25T21:52:56Z,154
2020-12-25T21:52:57Z,154
2020-12-25T21:52:58Z,154
2020-12-25T21:52:59Z,154
2020-12-25T21:53:01Z,153
2020-12-25T21:53:02Z,153
2020-12-25T21:53:03Z,153
2020-12-25T21:53:04Z,154
2020-12-25T21:53:05Z,154
2020-12-25T21:53:06Z,154
2020-12-25T21:53:08Z,154
2020-12-25T21:53:09Z,154
2020-12-25T21:53:10Z,154
2020-12-25T21:53:11Z,154
2020-12-25T21:53:13Z,155
2020-12-25T21:53:14Z,155
2020-12-25T21:53:15Z,155
2020-12-25T21:53:17Z,156
2020-12-25T21:53:18Z,156
2020-12-25T21:53:19Z,156
2020-12-25T21:53:20Z,156
2020-12-25T21:53:22Z,156
2020-12-25T21:53:23Z,156
2020-12-25T21:53:25Z,156
2020-12-25T21:53:26Z,157
2020-12-25T21:53:27Z,156
2020-12-25T21:53:29Z,156
2020-12-25T21:53:30Z,156
2020-12-25T21:53:31Z,156
2020-12-25T21:53:32Z,156
2020-12-25T21:53:34Z,156
2020-12-25T21:53:35Z,156
2020-12-25T21:53:37Z,156
2020-12-25T21:53:38Z,156
2020-12-25T21:53:39Z,156
2020-12-25T21:53:40Z,156
2020-12-25T21:53:41Z,155
2020-12-25T21:53:42Z,155
2020-12-25T21:53:44Z,155
2020-12-25T21:53:45Z,155
2020-12-25T21:53:47Z,155
2020-12-25T21:53:48Z,155
2020-12-25T21:53:49Z,155
2020-12-25T21:53:50Z,155
2020-12-25T21:53:51Z,155
2020-12-25T21:53:53Z,155
2020-12-25T21:53:54Z,154
2020-12-25T21:53:56Z,154
2020-12-25T21:53:57Z,154
2020-12-25T21:53:58Z,154
2020-12-25T21:54:00Z,154
2020-12-25T21:54:01Z,154
2020-12-25T21:54:02Z,154
2020-12-25T21:54:03Z,154
2020-12-25T21:54:05Z,154
2020-12-25T21:54:06Z,154
2020-12-25T21:54:07Z,154
2020-12-25T21:54:08Z,154
2020-12-25T21:54:10Z,154
2020-12-25T21:54:11Z,154
2020-12-25T21:54:12Z,154
2020-12-25T21:54:13Z,154
2020-12-25T21:54:15Z,154
2020-12-25T21:54:16Z,154
2020-12-25T21:54:17Z,154
2020-12-25T21:54:18Z,154
2020-12-25T21:54:19Z,154
2020-12-25T21:54:20Z,154
2020-12-25T21:54:22Z,154
2020-12-25T21:54:23Z,154
2020-12-25T21:54:24Z,154
2020-12-25T21:54:25Z,155
2020-12-25T21:54:27Z,154
2020-12-25T21:54:28Z,155
2020-12-25T21:54:30Z,154
2020-12-25T21:54:31Z,155
2020-12-25T21:54:32Z,155
2020-12-25T21:54:34Z,155
2020-12-25T21:54:35Z,155
2020-12-25T21:54:36Z,155
2020-12-25T21:54:38Z,155
2020-12-25T21:54:39Z,155
2020-12-25T21:54:40Z,155
2020-12-25T21:54:41Z,155
2020-12-25T21:54:43Z,155
2020-12-25T21:54:44Z,156
2020-12-25T21:54:45Z,155
2020-12-25T21:54:46Z,156
2020-12-25T21:54:47Z,155
2020-12-25T21:54:48Z,156
2020-12-25T21:54:49Z,156
2020-12-25T21:54:51Z,156
2020-12-25T21:54:52Z,156
2020-12-25T21:54:53Z,155
2020-12-25T21:54:54Z,156
2020-12-25T21:54:56Z,156
2020-12-25T21:54:57Z,155
2020-12-25T21:54:58Z,156
2020-12-25T21:54:59Z,156
2020-12-25T21:55:01Z,156
2020-12-25T21:55:02Z,155
2020-12-25T21:55:03Z,156
2020-12-25T21:55:05Z,156
2020-12-25T21:55:06Z,156
2020-12-25T21:55:07Z,156
2020-12-25T21:55:08Z,155
2020-12-25T21:55:09Z,155
2020-12-25T21:55:10Z,156
2020-12-25T21:55:11Z,155
2020-12-25T21:55:12Z,155
2020-12-25T21:55:14Z,156
2020-12-25T21:55:18Z,156
2020-12-25T21:55:19Z,155
2020-12-25T21:55:20Z,155
2020-12-25T21:55:22Z,155
2020-12-25T21:55:23Z,156
2020-12-25T21:55:24Z,156
2020-12-25T21:55:26Z,155
2020-12-25T21:55:27Z,155
2020-12-25T21:55:28Z,156
2020-12-25T21:55:29Z,156
2020-12-25T21:55:31Z,155
2020-12-25T21:55:32Z,155
2020-12-25T21:55:33Z,156
2020-12-25T21:55:35Z,155
2020-12-25T21:55:36Z,155
2020-12-25T21:55:37Z,155
2020-12-25T21:55:38Z,155
2020-12-25T21:55:39Z,155
2020-12-25T21:55:41Z,155
2020-12-25T21:55:42Z,155
2020-12-25T21:55:43Z,155
2020-12-25T21:55:44Z,155
2020-12-25T21:55:45Z,156
2020-12-25T21:55:47Z,155
2020-12-25T21:55:48Z,155
2020-12-25T21:55:49Z,156
2020-12-25T21:55:50Z,156
2020-12-25T21:55:51Z,156
2020-12-25T21:55:53Z,156
2020-12-25T21:55:54Z,156
2020-12-25T21:55:56Z,156
2020-12-25T21:55:57Z,156
2020-12-25T21:55:58Z,156
2020-12-25T21:55:59Z,156
2020-12-25T21:56:00Z,156
2020-12-25T21:56:02Z,156
2020-12-25T21:56:03Z,156
2020-12-25T21:56:04Z,156
2020-12-25T21:56:06Z,156
2020-12-25T21:56:07Z,156
2020-12-25T21:56:08Z,156
2020-12-25T21:56:09Z,155
2020-12-25T21:56:11Z,155
2020-12-25T21:56:12Z,155
2020-12-25T21:56:13Z,155
2020-12-25T21:56:15Z,155
2020-12-25T21:56:16Z,156
2020-12-25T21:56:17Z,156
2020-12-25T21:56:18Z,155
2020-12-25T21:56:20Z,156
2020-12-25T21:56:21Z,156
2020-12-25T21:56:22Z,156
2020-12-25T21:56:24Z,156
2020-12-25T21:56:25Z,156
2020-12-25T21:56:26Z,156
2020-12-25T21:56:27Z,156
2020-12-25T21:56:28Z,156
2020-12-25T21:56:30Z,155
2020-12-25T21:56:31Z,156
2020-12-25T21:56:33Z,156
2020-12-25T21:56:34Z,155
2020-12-25T21:56:35Z,156
2020-12-25T21:56:37Z,155
2020-12-25T21:56:38Z,155
2020-12-25T21:56:39Z,156
2020-12-25T21:56:41Z,155
2020-12-25T21:56:42Z,155
2020-12-25T21:56:43Z,156
2020-12-25T21:56:44Z,156
2020-12-25T21:56:45Z,156
2020-12-25T21:56:46Z,155
2020-12-25T21:56:48Z,156
2020-12-25T21:56:49Z,155
2020-12-25T21:56:50Z,155
2020-12-25T21:56:51Z,156
2020-12-25T21:56:52Z,156
2020-12-25T21:56:53Z,156
2020-12-25T21:56:55Z,156
2020-12-25T21:56:56Z,156
2020-12-25T21:56:57Z,156
2020-12-25T21:56:58Z,156
2020-12-25T21:56:59Z,156
2020-12-25T21:57:01Z,156
2020-12-25T21:57:02Z,156
2020-12-25T21:57:03Z,155
2020-12-25T21:57:04Z,156
2020-12-25T21:57:05Z,156
2020-12-25T21:57:06Z,156
2020-12-25T21:57:08Z,155
2020-12-25T21:57:09Z,155
2020-12-25T21:57:10Z,155
2020-12-25T21:57:11Z,155
2020-12-25T21:57:13Z,155
2020-12-25T21:57:15Z,154
2020-12-25T21:57:16Z,154
2020-12-25T21:57:18Z,155
2020-12-25T21:57:19Z,154
2020-12-25T21:57:20Z,154
2020-12-25T21:57:21Z,154
2020-12-25T21:57:23Z,154
2020-12-25T21:57:24Z,154
2020-12-25T21:57:25Z,155
2020-12-25T21:57:27Z,155
2020-12-25T21:57:28Z,155
2020-12-25T21:57:29Z,155
2020-12-25T21:57:31Z,155
2020-12-25T21:57:32Z,155
2020-12-25T21:57:34Z,155
2020-12-25T21:57:35Z,155
2020-12-25T21:57:36Z,155
2020-12-25T21:57:37Z,155
2020-12-25T21:57:38Z,155
2020-12-25T21:57:40Z,156
2020-12-25T21:57:41Z,155
2020-12-25T21:57:42Z,155
2020-12-25T21:57:43Z,156
2020-12-25T21:57:44Z,156
2020-12-25T21:57:46Z,156
2020-12-25T21:57:47Z,156
2020-12-25T21:57:49Z,157
2020-12-25T21:57:50Z,156
2020-12-25T21:57:51Z,156
2020-12-25T21:57:53Z,157
2020-12-25T21:57:55Z,157
2020-12-25T21:57:56Z,157
2020-12-25T21:57:57Z,157
2020-12-25T21:57:58Z,157
2020-12-25T21:58:00Z,157
2020-12-25T21:58:01Z,157
2020-12-25T21:58:02Z,158
2020-12-25T21:58:03Z,158
2020-12-25T21:58:05Z,158
2020-12-25T21:58:06Z,157
2020-12-25T21:58:07Z,158
2020-12-25T21:58:08Z,158
2020-12-25T21:58:09Z,158
2020-12-25T21:58:10Z,158
2020-12-25T21:58:12Z,159
2020-12-25T21:58:13Z,159
2020-12-25T21:58:14Z,159
2020-12-25T21:58:15Z,159
2020-12-25T21:58:16Z,159
2020-12-25T21:58:18Z,159
2020-12-25T21:58:19Z,159
2020-12-25T21:58:21Z,160
2020-12-25T21:58:22Z,159
2020-12-25T21:58:24Z,160
2020-12-25T21:58:25Z,160
2020-12-25T21:58:26Z,160
2020-12-25T21:58:27Z,160
2020-12-25T21:58:28Z,160
2020-12-25T21:58:29Z,160
2020-12-25T21:58:31Z,160
2020-12-25T21:58:32Z,160
2020-12-25T21:58:33Z,160
2020-12-25T21:58:34Z,160
2020-12-25T21:58:36Z,160
2020-12-25T21:58:37Z,161
2020-12-25T21:58:38Z,161
2020-12-25T21:58:40Z,161
2020-12-25T21:58:41Z,161
2020-12-25T21:58:42Z,161
2020-12-25T21:58:43Z,161
2020-12-25T21:58:45Z,160
2020-12-25T21:58:46Z,161
2020-12-25T21:58:47Z,161
2020-12-25T21:58:48Z,160
2020-12-25T21:58:50Z,160
2020-12-25T21:58:51Z,160
2020-12-25T21:58:52Z,160
2020-12-25T21:58:54Z,160
2020-12-25T21:58:55Z,161
2020-12-25T21:58:56Z,161
2020-12-25T21:58:57Z,160
2020-12-25T21:58:59Z,160
2020-12-25T21:59:00Z,160
2020-12-25T21:59:01Z,161
2020-12-25T21:59:02Z,161
2020-12-25T21:59:04Z,160
2020-12-25T21:59:05Z,161
2020-12-25T21:59:07Z,161
2020-12-25T21:59:08Z,161
2020-12-25T21:59:09Z,161
2020-12-25T21:59:11Z,160
2020-12-25T21:59:12Z,161
2020-12-25T21:59:13Z,161
2020-12-25T21:59:15Z,161
2020-12-25T21:59:16Z,161
2020-12-25T21:59:17Z,161
2020-12-25T21:59:18Z,161
2020-12-25T21:59:20Z,161
2020-12-25T21:59:21Z,161
2020-12-25T21:59:22Z,161
2020-12-25T21:59:24Z,161
2020-12-25T21:59:25Z,161
2020-12-25T21:59:26Z,161
2020-12-25T21:59:27Z,161
2020-12-25T21:59:29Z,161
2020-12-25T21:59:30Z,161
2020-12-25T21:59:32Z,161
2020-12-25T21:59:33Z,161
2020-12-25T21:59:34Z,162
2020-12-25T21:59:36Z,162
2020-12-25T21:59:37Z,162
2020-12-25T21:59:38Z,162
2020-12-25T21:59:39Z,162
2020-12-25T21:59:41Z,162
2020-12-25T21:59:42Z,162
2020-12-25T21:59:43Z,162
2020-12-25T21:59:45Z,162
2020-12-25T21:59:46Z,162
2020-12-25T21:59:48Z,162
2020-12-25T21:59:49Z,162
2020-12-25T21:59:50Z,162
2020-12-25T21:59:51Z,162
2020-12-25T21:59:52Z,163
2020-12-25T21:59:53Z,163
2020-12-25T21:59:55Z,162
2020-12-25T21:59:56Z,162
2020-12-25T21:59:58Z,162
2020-12-25T21:59:59Z,162
2020-12-25T22:00:00Z,162
2020-12-25T22:00:01Z,161
2020-12-25T22:00:02Z,161
2020-12-25T22:00:04Z,161
2020-12-25T22:00:05Z,161
2020-12-25T22:00:06Z,160
2020-12-25T22:00:07Z,160
2020-12-25T22:00:08Z,160
2020-12-25T22:00:09Z,160
2020-12-25T22:00:10Z,160
2020-12-25T22:00:12Z,161
2020-12-25T22:00:14Z,160
2020-12-25T22:00:15Z,161
2020-12-25T22:00:16Z,160
2020-12-25T22:00:17Z,160
2020-12-25T22:00:18Z,160
2020-12-25T22:00:20Z,160
2020-12-25T22:00:21Z,160
2020-12-25T22:00:22Z,160
2020-12-25T22:00:24Z,161
2020-12-25T22:00:25Z,160
2020-12-25T22:00:27Z,161
2020-12-25T22:00:28Z,161
2020-12-25T22:00:30Z,161
2020-12-25T22:00:31Z,161
2020-12-25T22:00:33Z,161
2020-12-25T22:00:34Z,161
2020-12-25T22:00:36Z,162
2020-12-25T22:00:37Z,161
2020-12-25T22:00:38Z,161
2020-12-25T22:00:40Z,161
2020-12-25T22:00:41Z,161
2020-12-25T22:00:42Z,161
2020-12-25T22:00:44Z,161
2020-12-25T22:00:45Z,161
2020-12-25T22:00:46Z,161
2020-12-25T22:00:47Z,161
2020-12-25T22:00:48Z,162
2020-12-25T22:00:50Z,161
2020-12-25T22:00:52Z,161
2020-12-25T22:00:53Z,162
2020-12-25T22:00:54Z,161
2020-12-25T22:00:56Z,162
2020-12-25T22:00:57Z,162
2020-12-25T22:00:59Z,162
2020-12-25T22:01:00Z,162
2020-12-25T22:01:01Z,161
2020-12-25T22:01:03Z,162
2020-12-25T22:01:04Z,162
2020-12-25T22:01:06Z,161
2020-12-25T22:01:07Z,162
2020-12-25T22:01:09Z,162
2020-12-25T22:01:10Z,162
2020-12-25T22:01:11Z,162
2020-12-25T22:01:13Z,161
2020-12-25T22:01:14Z,162
2020-12-25T22:01:15Z,162
2020-12-25T22:01:17Z,162
2020-12-25T22:01:18Z,162
2020-12-25T22:01:20Z,162
2020-12-25T22:01:21Z,161
2020-12-25T22:01:22Z,161
2020-12-25T22:01:24Z,162
2020-12-25T22:01:25Z,162
2020-12-25T22:01:27Z,161
2020-12-25T22:01:28Z,162
2020-12-25T22:01:29Z,161
2020-12-25T22:01:30Z,161
2020-12-25T22:01:31Z,161
2020-12-25T22:01:33Z,162
2020-12-25T22:01:34Z,162
2020-12-25T22:01:36Z,162
2020-12-25T22:01:37Z,161
2020-12-25T22:01:39Z,162
2020-12-25T22:01:40Z,162
2020-12-25T22:01:41Z,162
2020-12-25T22:01:43Z,161
2020-12-25T22:01:44Z,162
2020-12-25T22:01:45Z,162
2020-12-25T22:01:47Z,162
2020-12-25T22:01:48Z,162
2020-12-25T22:01:49Z,162
2020-12-25T22:01:51Z,162
2020-12-25T22:01:52Z,162
2020-12-25T22:01:53Z,162
2020-12-25T22:01:54Z,162
2020-12-25T22:01:56Z,163
2020-12-25T22:01:57Z,162
2020-12-25T22:01:58Z,162
2020-12-25T22:01:59Z,162
2020-12-25T22:02:00Z,162
2020-12-25T22:02:01Z,162
2020-12-25T22:02:02Z,162
2020-12-25T22:02:03Z,162
2020-12-25T22:02:05Z,162
2020-12-25T22:02:06Z,162
2020-12-25T22:02:08Z,162
2020-12-25T22:02:09Z,162
2020-12-25T22:02:10Z,162
2020-12-25T22:02:11Z,162
2020-12-25T22:02:13Z,162
2020-12-25T22:02:14Z,162
2020-12-25T22:02:16Z,161
2020-12-25T22:02:17Z,162
2020-12-25T22:02:18Z,162
2020-12-25T22:02:19Z,161
2020-12-25T22:02:20Z,161
2020-12-25T22:02:22Z,162
2020-12-25T22:02:23Z,162
2020-12-25T22:02:24Z,162
2020-12-25T22:02:25Z,162
2020-12-25T22:02:27Z,162
2020-12-25T22:02:28Z,162
2020-12-25T22:02:29Z,162
2020-12-25T22:02:30Z,162
2020-12-25T22:02:31Z,162
2020-12-25T22:02:33Z,162
2020-12-25T22:02:34Z,162
2020-12-25T22:02:35Z,162
2020-12-25T22:02:36Z,162
2020-12-25T22:02:38Z,162
2020-12-25T22:02:39Z,162
2020-12-25T22:02:41Z,162
2020-12-25T22:02:42Z,162
2020-12-25T22:02:43Z,163
2020-12-25T22:02:45Z,162
2020-12-25T22:02:47Z,162
2020-12-25T22:02:48Z,162
2020-12-25T22:02:49Z,162
2020-12-25T22:02:51Z,162
2020-12-25T22:02:53Z,161
2020-12-25T22:02:54Z,161
2020-12-25T22:02:56Z,161
2020-12-25T22:02:57Z,160
2020-12-25T22:02:58Z,160
2020-12-25T22:03:00Z,160
2020-12-25T22:03:01Z,160
2020-12-25T22:03:03Z,160
